file,actor,strong,classifier_correct,ai_arousal,size_full_ai,size_hybrid_abs,size_hybrid_rel,sat_full_ai,sat_hybrid_rel
03-01-01-01-01-01-01.wav,01,0,0,-0.027,0.5406,0.2687,0.3924,0,0
03-01-01-01-01-02-01.wav,01,0,1,-0.0335,0.5383,0.2812,0.4235,0,0
03-01-01-01-02-01-01.wav,01,0,0,-0.1267,0.5057,0.2684,0.3981,0,0
03-01-01-01-02-02-01.wav,01,0,0,-0.1476,0.4983,0.2688,0.3978,0,0
03-01-02-01-01-01-01.wav,01,0,0,-0.0057,0.548,0.2751,0.4107,59.828,48.0565
03-01-02-01-01-02-01.wav,01,0,0,-0.0914,0.518,0.2733,0.4064,57.2576,47.6904
03-01-02-01-02-01-01.wav,01,0,1,-0.2007,0.4798,0.2754,0.4171,53.9805,48.6046
03-01-02-01-02-02-01.wav,01,0,0,-0.2701,0.4555,0.2791,0.4202,51.8974,48.873
03-01-02-02-01-01-01.wav,01,1,1,-0.335,0.4328,0.2663,0.3979,49.9507,46.9647
03-01-02-02-01-02-01.wav,01,1,1,-0.3076,0.4424,0.2934,0.4508,50.7731,51.4958
03-01-02-02-02-01-01.wav,01,1,1,-0.4171,0.404,0.4491,0.608,47.486,64.972
03-01-02-02-02-02-01.wav,01,1,1,-0.4279,0.4002,0.2764,0.4153,47.1624,48.4575
03-01-03-01-01-01-01.wav,01,0,1,0.1237,0.5933,0.327,0.5324,63.7115,58.4936
03-01-03-01-01-02-01.wav,01,0,1,0.2135,0.6247,0.4741,0.666,66.4037,69.9414
03-01-03-01-02-01-01.wav,01,0,1,0.0707,0.5747,0.3035,0.4817,62.1206,54.1437
03-01-03-01-02-02-01.wav,01,0,1,0.0101,0.5535,0.3089,0.4976,60.3021,55.5098
03-01-03-02-01-01-01.wav,01,1,1,0.3165,0.6608,0.5395,0.782,69.4963,79.8842
03-01-03-02-01-02-01.wav,01,1,1,0.3344,0.667,0.5088,0.8045,70.0319,81.8157
03-01-03-02-02-01-01.wav,01,1,1,0.285,0.6497,0.3992,0.7114,68.5488,73.8316
03-01-03-02-02-02-01.wav,01,1,1,0.362,0.6767,0.3834,0.6732,70.8607,70.563
03-01-04-01-01-01-01.wav,01,0,1,-0.0909,0.5182,0.2701,0.3965,57.2716,46.8398
03-01-04-01-01-02-01.wav,01,0,1,-0.089,0.5189,0.2612,0.3731,57.3301,44.8336
03-01-04-01-02-01-01.wav,01,0,1,-0.1281,0.5052,0.2389,0.3312,56.1567,41.243
03-01-04-01-02-02-01.wav,01,0,1,-0.173,0.4895,0.263,0.3802,54.8109,45.4451
03-01-04-02-01-01-01.wav,01,1,1,-0.1329,0.5035,0.2881,0.438,56.0131,50.4034
03-01-04-02-01-02-01.wav,01,1,1,0.135,0.5973,0.3152,0.4952,64.051,55.3002
03-01-04-02-02-01-01.wav,01,1,1,0.0092,0.5532,0.3201,0.5164,60.2753,57.1231
03-01-04-02-02-02-01.wav,01,1,0,0.1074,0.5876,0.3254,0.5335,63.2225,58.5817
03-01-05-01-01-01-01.wav,01,0,1,0.6411,0.7744,0.3403,0.5415,79.2333,59.2729
03-01-05-01-01-02-01.wav,01,0,0,0.6596,0.7808,0.4152,0.7113,79.787,73.8249
03-01-05-01-02-01-01.wav,01,0,0,0.2882,0.6509,0.3449,0.5653,68.6449,61.3134
03-01-05-01-02-02-01.wav,01,0,1,0.3028,0.656,0.366,0.6098,69.0828,65.1225
03-01-05-02-01-01-01.wav,01,1,1,1.0,0.9,0.6518,0.8704,90.0,87.4586
03-01-05-02-01-02-01.wav,01,1,0,0.9158,0.8705,0.5537,0.8763,87.4737,87.9717
03-01-05-02-02-01-01.wav,01,1,1,0.9337,0.8768,0.5424,0.8447,88.0109,85.256
03-01-05-02-02-02-01.wav,01,1,1,0.9915,0.9039,0.6887,0.8863,89.7447,88.8255
03-01-06-01-01-01-01.wav,01,0,1,0.0597,0.5709,0.4485,0.6666,61.7901,69.9923
03-01-06-01-01-02-01.wav,01,0,1,0.1129,0.5895,0.3673,0.6293,63.388,66.8011
03-01-06-01-02-01-01.wav,01,0,0,-0.136,0.5024,0.3304,0.5377,55.9187,58.9466
03-01-06-01-02-02-01.wav,01,0,0,-0.2032,0.4789,0.3127,0.507,53.9028,56.3175
03-01-06-02-01-01-01.wav,01,1,1,0.702,0.7957,0.4627,0.7666,81.0601,78.5665
03-01-06-02-01-02-01.wav,01,1,1,0.7851,0.8248,0.5593,0.8617,83.5536,86.7145
03-01-06-02-02-01-01.wav,01,1,1,0.5713,0.75,0.5636,0.877,77.139,88.0263
03-01-06-02-02-02-01.wav,01,1,1,0.7391,0.8087,0.5166,0.8235,82.174,83.4465
03-01-07-01-01-01-01.wav,01,0,0,0.1286,0.595,0.3389,0.5335,63.8575,58.582
03-01-07-01-01-02-01.wav,01,0,0,0.2658,0.643,0.4902,0.6944,67.9738,72.3754
03-01-07-01-02-01-01.wav,01,0,0,-0.1131,0.5104,0.299,0.476,56.6078,53.6551
03-01-07-01-02-02-01.wav,01,0,0,-0.0144,0.545,0.3088,0.4871,59.5687,54.6101
03-01-07-02-01-01-01.wav,01,1,0,0.4925,0.7224,0.5546,0.8429,74.7762,85.1051
03-01-07-02-01-02-01.wav,01,1,0,0.569,0.7492,0.5971,0.8182,77.0702,82.9913
03-01-07-02-02-01-01.wav,01,1,1,0.3989,0.6896,0.4465,0.804,71.968,81.775
03-01-07-02-02-02-01.wav,01,1,0,0.5102,0.7286,0.544,0.8186,75.3053,83.0257
03-01-08-01-01-01-01.wav,01,0,1,0.2484,0.6369,0.3174,0.5009,67.4518,55.7877
03-01-08-01-01-02-01.wav,01,0,0,0.2355,0.6324,0.264,0.3791,67.0636,45.3483
03-01-08-01-02-01-01.wav,01,0,0,-0.0262,0.5408,0.2981,0.4639,59.2141,52.6227
03-01-08-01-02-02-01.wav,01,0,1,0.2906,0.6517,0.3021,0.4655,68.7185,52.7554
03-01-08-02-01-01-01.wav,01,1,1,0.4718,0.7151,0.3548,0.574,74.1549,62.055
03-01-08-02-01-02-01.wav,01,1,1,0.4849,0.7197,0.3783,0.6248,74.5481,66.411
03-01-08-02-02-01-01.wav,01,1,0,0.3086,0.658,0.4198,0.6203,69.2566,66.0215
03-01-08-02-02-02-01.wav,01,1,1,0.6114,0.764,0.4105,0.6985,78.3417,72.7276
03-01-01-01-01-01-02.wav,02,0,1,0.2612,0.6414,0.4074,0.4087,0,0
03-01-01-01-01-02-02.wav,02,0,1,0.2084,0.6229,0.4591,0.612,0,0
03-01-01-01-02-01-02.wav,02,0,1,0.171,0.6098,0.4636,0.6322,0,0
03-01-01-01-02-02-02.wav,02,0,1,0.1503,0.6026,0.4032,0.5258,0,0
03-01-02-01-01-01-02.wav,02,0,1,0.0233,0.5582,0.5142,0.6602,60.6991,69.4475
03-01-02-01-01-02-02.wav,02,0,1,0.0187,0.5566,0.4704,0.5465,60.5614,59.6987
03-01-02-01-02-01-02.wav,02,0,1,-0.0398,0.5361,0.3644,0.3522,58.8055,43.0457
03-01-02-01-02-02-02.wav,02,0,1,-0.0264,0.5408,0.3679,0.4364,59.2076,50.2586
03-01-02-02-01-01-02.wav,02,1,1,-0.0644,0.5275,0.3809,0.4923,58.0687,55.0565
03-01-02-02-01-02-02.wav,02,1,1,0.026,0.5591,0.3589,0.3451,60.7786,42.4344
03-01-02-02-02-01-02.wav,02,1,1,-0.118,0.5087,0.3689,0.4454,56.4611,51.0307
03-01-02-02-02-02-02.wav,02,1,1,-0.077,0.523,0.3813,0.3618,57.6894,43.8705
03-01-03-01-01-01-02.wav,02,0,1,0.276,0.6466,0.5125,0.6695,68.2795,70.2424
03-01-03-01-01-02-02.wav,02,0,1,0.2399,0.634,0.4842,0.6721,67.1978,70.4684
03-01-03-01-02-01-02.wav,02,0,1,0.1514,0.603,0.4069,0.467,64.5432,52.8855
03-01-03-01-02-02-02.wav,02,0,1,0.1313,0.596,0.5695,0.719,63.9398,74.4849
03-01-03-02-01-01-02.wav,02,1,1,0.4876,0.7207,0.4758,0.6521,74.6287,68.7557
03-01-03-02-01-02-02.wav,02,1,1,0.5992,0.7597,0.5387,0.7701,77.9753,78.8655
03-01-03-02-02-01-02.wav,02,1,1,0.4473,0.7066,0.4964,0.6395,73.4189,67.6714
03-01-03-02-02-02-02.wav,02,1,1,0.4607,0.7112,0.4536,0.5609,73.8201,60.9316
03-01-04-01-01-01-02.wav,02,0,0,0.0029,0.551,0.3797,0.3752,60.0859,45.02
03-01-04-01-01-02-02.wav,02,0,0,0.036,0.5626,0.4159,0.4258,61.0791,49.3521
03-01-04-01-02-01-02.wav,02,0,0,-0.094,0.5171,0.3591,0.3571,57.1815,43.4639
03-01-04-01-02-02-02.wav,02,0,0,-0.1406,0.5008,0.358,0.38,55.7808,45.4267
03-01-04-02-01-01-02.wav,02,1,1,0.1877,0.6157,0.4765,0.5321,65.6318,58.4657
03-01-04-02-01-02-02.wav,02,1,1,0.1304,0.5956,0.4207,0.4336,63.9122,50.021
03-01-04-02-02-01-02.wav,02,1,1,-0.0539,0.5311,0.4139,0.4232,58.3835,49.1316
03-01-04-02-02-02-02.wav,02,1,1,-0.0392,0.5363,0.504,0.6014,58.8252,64.4086
03-01-05-01-01-01-02.wav,02,0,1,0.4129,0.6945,0.4776,0.5392,72.3856,59.0706
03-01-05-01-01-02-02.wav,02,0,1,0.5225,0.7329,0.4935,0.6487,75.676,68.4609
03-01-05-01-02-01-02.wav,02,0,1,0.3445,0.6706,0.4242,0.5711,70.3342,61.8089
03-01-05-01-02-02-02.wav,02,0,1,0.3446,0.6706,0.4119,0.4888,70.3366,54.7583
03-01-05-02-01-01-02.wav,02,1,1,0.7628,0.817,0.5361,0.7063,82.8849,73.3937
03-01-05-02-01-02-02.wav,02,1,1,0.6989,0.7946,0.499,0.7056,80.9659,73.3329
03-01-05-02-02-01-02.wav,02,1,1,0.8415,0.8445,0.6258,0.8399,85.2442,84.8485
03-01-05-02-02-02-02.wav,02,1,1,0.7612,0.8164,0.5695,0.8252,82.8363,83.59
03-01-06-01-01-01-02.wav,02,0,1,0.1925,0.6174,0.4498,0.6681,65.7762,70.1218
03-01-06-01-01-02-02.wav,02,0,1,0.3008,0.6553,0.4762,0.6524,69.0243,68.7756
03-01-06-01-02-01-02.wav,02,0,1,0.3085,0.658,0.4994,0.7262,69.2552,75.1058
03-01-06-01-02-02-02.wav,02,0,1,0.2445,0.6356,0.5366,0.7248,67.3363,74.9809
03-01-06-02-01-01-02.wav,02,1,1,0.6032,0.7611,0.5553,0.7037,78.0968,73.1703
03-01-06-02-01-02-02.wav,02,1,1,0.6424,0.7749,0.5695,0.7135,79.2734,74.0173
03-01-06-02-02-01-02.wav,02,1,1,0.587,0.7555,0.5805,0.7527,77.6111,77.3706
03-01-06-02-02-02-02.wav,02,1,1,0.5338,0.7368,0.61,0.7191,76.0133,74.4935
03-01-07-01-01-01-02.wav,02,0,1,0.2683,0.6439,0.3586,0.2963,68.0503,38.257
03-01-07-01-01-02-02.wav,02,0,0,0.1838,0.6143,0.4747,0.446,65.5149,51.0895
03-01-07-01-02-01-02.wav,02,0,1,0.1148,0.5902,0.3642,0.3188,63.444,40.181
03-01-07-01-02-02-02.wav,02,0,0,0.1011,0.5854,0.3691,0.3474,63.0334,42.636
03-01-07-02-01-01-02.wav,02,1,0,0.4031,0.6911,0.391,0.3707,72.0935,44.6276
03-01-07-02-01-02-02.wav,02,1,1,0.3708,0.6798,0.4363,0.5782,71.1227,62.4204
03-01-07-02-02-01-02.wav,02,1,0,0.2539,0.6389,0.4278,0.5395,67.618,59.0988
03-01-07-02-02-02-02.wav,02,1,0,0.2421,0.6347,0.4946,0.6363,67.2621,67.4011
03-01-08-01-01-01-02.wav,02,0,1,0.5647,0.7476,0.4957,0.607,76.9399,64.8873
03-01-08-01-01-02-02.wav,02,0,1,0.5518,0.7431,0.5288,0.6915,76.5536,72.1276
03-01-08-01-02-01-02.wav,02,0,1,0.3983,0.6894,0.5072,0.6271,71.9497,66.611
03-01-08-01-02-02-02.wav,02,0,1,0.53,0.7355,0.5607,0.7891,75.9013,80.4967
03-01-08-02-01-01-02.wav,02,1,1,0.7225,0.8029,0.5735,0.7532,81.6763,77.4208
03-01-08-02-01-02-02.wav,02,1,1,0.7019,0.7957,0.65,0.8268,81.057,83.7286
03-01-08-02-02-01-02.wav,02,1,1,0.6629,0.782,0.5916,0.8367,79.8857,84.5725
03-01-08-02-02-02-02.wav,02,1,1,0.5732,0.7506,0.5145,0.7458,77.1961,76.7836
03-01-01-01-01-01-03.wav,03,0,1,0.2426,0.6349,0.2998,0.3427,0,0
03-01-01-01-01-02-03.wav,03,0,1,0.1123,0.5893,0.4691,0.5497,0,0
03-01-01-01-02-01-03.wav,03,0,1,0.085,0.5797,0.4674,0.5357,0,0
03-01-01-01-02-02-03.wav,03,0,1,0.0408,0.5643,0.4694,0.5661,0,0
03-01-02-01-01-01-03.wav,03,0,1,-0.0947,0.5169,0.2486,0.2702,57.1592,36.0211
03-01-02-01-01-02-03.wav,03,0,1,-0.0707,0.5253,0.2441,0.2659,57.8787,35.6527
03-01-02-01-02-01-03.wav,03,0,1,-0.229,0.4699,0.3005,0.3228,53.1302,40.5267
03-01-02-01-02-02-03.wav,03,0,1,-0.006,0.5479,0.3603,0.4493,59.8208,51.3697
03-01-02-02-01-01-03.wav,03,1,1,-0.0781,0.5226,0.3359,0.3952,57.6556,46.7281
03-01-02-02-01-02-03.wav,03,1,1,-0.0389,0.5364,0.449,0.5625,58.8316,61.0689
03-01-02-02-02-01-03.wav,03,1,0,0.0005,0.5502,0.479,0.6136,60.0157,65.4499
03-01-02-02-02-02-03.wav,03,1,0,-0.0583,0.5296,0.4499,0.5669,58.251,61.4467
03-01-03-01-01-01-03.wav,03,0,1,0.4525,0.7084,0.4209,0.5169,73.5759,57.1667
03-01-03-01-01-02-03.wav,03,0,1,0.3817,0.6836,0.5007,0.698,71.4506,72.6889
03-01-03-01-02-01-03.wav,03,0,1,0.2476,0.6366,0.3615,0.459,67.4268,52.1988
03-01-03-01-02-02-03.wav,03,0,1,0.2723,0.6453,0.4462,0.5545,68.1681,60.3817
03-01-03-02-01-01-03.wav,03,1,1,0.7177,0.8012,0.5584,0.7935,81.5308,80.8691
03-01-03-02-01-02-03.wav,03,1,1,0.6202,0.7671,0.5408,0.779,78.6073,79.6281
03-01-03-02-02-01-03.wav,03,1,0,0.9227,0.8765,0.6429,0.869,87.6795,87.3422
03-01-03-02-02-02-03.wav,03,1,1,0.6041,0.7614,0.6044,0.8504,78.123,85.7469
03-01-04-01-01-01-03.wav,03,0,1,-0.1621,0.4933,0.3052,0.2937,55.1374,38.0273
03-01-04-01-01-02-03.wav,03,0,0,-0.1172,0.509,0.3359,0.3267,56.4848,40.8603
03-01-04-01-02-01-03.wav,03,0,0,-0.2864,0.4498,0.3485,0.4246,51.4084,49.254
03-01-04-01-02-02-03.wav,03,0,0,-0.3073,0.4424,0.5001,0.5925,50.7803,63.6438
03-01-04-02-01-01-03.wav,03,1,1,0.5517,0.7431,0.5647,0.7739,76.5516,79.1888
03-01-04-02-01-02-03.wav,03,1,0,0.5319,0.7362,0.5704,0.7989,75.957,81.335
03-01-04-02-02-01-03.wav,03,1,0,0.5994,0.7598,0.5323,0.7432,77.9826,76.5611
03-01-04-02-02-02-03.wav,03,1,1,0.5659,0.7481,0.5073,0.6997,76.977,72.8329
03-01-05-01-01-01-03.wav,03,0,0,0.069,0.5742,0.4341,0.4245,62.07,49.2457
03-01-05-01-01-02-03.wav,03,0,1,0.3221,0.6627,0.3736,0.4257,69.6617,49.3435
03-01-05-01-02-01-03.wav,03,0,1,0.171,0.6098,0.4495,0.5017,65.1287,55.8625
03-01-05-01-02-02-03.wav,03,0,1,0.2932,0.6526,0.3907,0.4816,68.7962,54.1412
03-01-05-02-01-01-03.wav,03,1,1,1.0,0.9074,0.5457,0.7247,90.0,74.9713
03-01-05-02-01-02-03.wav,03,1,1,1.0,0.9085,0.5529,0.7468,90.0,76.8712
03-01-05-02-02-01-03.wav,03,1,1,1.0,0.9,0.5397,0.7495,90.0,77.1006
03-01-05-02-02-02-03.wav,03,1,1,1.0,0.908,0.5791,0.7783,90.0,79.5655
03-01-06-01-01-01-03.wav,03,0,1,0.2382,0.6334,0.342,0.3555,67.1447,43.3276
03-01-06-01-01-02-03.wav,03,0,1,0.282,0.6487,0.3741,0.4741,68.4608,53.498
03-01-06-01-02-01-03.wav,03,0,1,0.249,0.6371,0.3628,0.4517,67.4688,51.5759
03-01-06-01-02-02-03.wav,03,0,1,0.3539,0.6739,0.3416,0.4015,70.6165,47.2704
03-01-06-02-01-01-03.wav,03,1,1,0.8133,0.8377,0.5282,0.7154,84.3981,74.1752
03-01-06-02-01-02-03.wav,03,1,1,0.823,0.851,0.6219,0.8189,84.6897,83.0465
03-01-06-02-02-01-03.wav,03,1,1,0.8526,0.8484,0.5977,0.8208,85.5769,83.2104
03-01-06-02-02-02-03.wav,03,1,1,0.9281,0.8861,0.6246,0.8372,87.842,84.6135
03-01-07-01-01-01-03.wav,03,0,1,0.3512,0.6729,0.3497,0.3956,70.5368,46.7639
03-01-07-01-01-02-03.wav,03,0,1,0.3727,0.6804,0.4796,0.5328,71.1796,58.5222
03-01-07-01-02-01-03.wav,03,0,1,0.1843,0.6145,0.4341,0.4768,65.5302,53.7292
03-01-07-01-02-02-03.wav,03,0,1,0.2758,0.6465,0.3391,0.3839,68.2745,45.764
03-01-07-02-01-01-03.wav,03,1,1,0.3179,0.6613,0.3586,0.358,69.5362,43.5458
03-01-07-02-01-02-03.wav,03,1,1,0.1945,0.6181,0.3489,0.4013,65.8338,47.2503
03-01-07-02-02-01-03.wav,03,1,1,0.4226,0.6979,0.5117,0.6149,72.6791,65.5635
03-01-07-02-02-02-03.wav,03,1,1,0.4977,0.7242,0.4644,0.6186,74.9299,65.8783
03-01-08-01-01-01-03.wav,03,0,0,0.5459,0.7411,0.5057,0.6629,76.3779,69.6751
03-01-08-01-01-02-03.wav,03,0,0,0.5441,0.7404,0.4655,0.5868,76.324,63.1536
03-01-08-01-02-01-03.wav,03,0,0,0.2957,0.6535,0.4876,0.5741,68.8719,62.064
03-01-08-01-02-02-03.wav,03,0,0,0.4681,0.7138,0.3722,0.4781,74.0441,53.8343
03-01-08-02-01-01-03.wav,03,1,1,0.6189,0.7666,0.4739,0.6125,78.5674,65.3607
03-01-08-02-01-02-03.wav,03,1,1,0.8497,0.8474,0.5022,0.6519,85.4919,68.7304
03-01-08-02-02-01-03.wav,03,1,0,0.7521,0.8132,0.5342,0.647,82.5624,68.3165
03-01-08-02-02-02-03.wav,03,1,1,0.5269,0.7344,0.4089,0.5212,75.8084,57.5357
03-01-01-01-01-01-04.wav,04,0,1,0.2178,0.6262,0.4205,0.2824,0,0
03-01-01-01-01-02-04.wav,04,0,1,0.1986,0.6195,0.4029,0.267,0,0
03-01-01-01-02-01-04.wav,04,0,1,0.2005,0.6202,0.3937,0.2668,0,0
03-01-01-01-02-02-04.wav,04,0,0,0.1981,0.6193,0.371,0.2445,0,0
03-01-02-01-01-01-04.wav,04,0,0,0.0638,0.5723,0.3923,0.3174,61.9127,40.0642
03-01-02-01-01-02-04.wav,04,0,0,0.0335,0.5617,0.3927,0.3567,61.0037,43.435
03-01-02-01-02-01-04.wav,04,0,0,-0.0016,0.5494,0.3735,0.2787,59.9507,36.7436
03-01-02-01-02-02-04.wav,04,0,0,-0.0759,0.5234,0.4006,0.4456,57.7232,51.0544
03-01-02-02-01-01-04.wav,04,1,0,-0.1134,0.5103,0.4027,0.2902,56.5984,37.7292
03-01-02-02-01-02-04.wav,04,1,0,-0.0415,0.5355,0.4485,0.4477,58.7537,51.2313
03-01-02-02-02-01-04.wav,04,1,0,-0.1118,0.5109,0.3942,0.4615,56.6465,52.4144
03-01-02-02-02-02-04.wav,04,1,0,0.0117,0.5541,0.3778,0.443,60.3506,50.8305
03-01-03-01-01-01-04.wav,04,0,1,0.2682,0.6439,0.4731,0.3699,68.0454,44.5649
03-01-03-01-01-02-04.wav,04,0,0,0.4884,0.7209,0.5069,0.6323,74.6524,67.0572
03-01-03-01-02-01-04.wav,04,0,0,0.3312,0.6659,0.4212,0.4153,69.9361,48.452
03-01-03-01-02-02-04.wav,04,0,0,0.37,0.6795,0.467,0.5379,71.1003,58.963
03-01-03-02-01-01-04.wav,04,1,0,0.6848,0.7897,0.5882,0.79,80.545,80.5716
03-01-03-02-01-02-04.wav,04,1,0,0.6305,0.7707,0.6333,0.6759,78.9153,70.7941
03-01-03-02-02-01-04.wav,04,1,0,0.5647,0.7476,0.46,0.444,76.94,50.912
03-01-03-02-02-02-04.wav,04,1,0,0.7265,0.8043,0.659,0.7825,81.7939,79.9327
03-01-04-01-01-01-04.wav,04,0,1,-0.0039,0.5486,0.4265,0.4257,59.8826,49.3448
03-01-04-01-01-02-04.wav,04,0,0,0.3481,0.6718,0.4684,0.4491,70.4431,51.3487
03-01-04-01-02-01-04.wav,04,0,0,0.3775,0.6821,0.5095,0.5189,71.3247,57.3371
03-01-04-01-02-02-04.wav,04,0,0,0.3762,0.6817,0.5863,0.7122,71.2847,73.9055
03-01-04-02-01-01-04.wav,04,1,0,0.6112,0.7639,0.5764,0.6902,78.3363,72.0133
03-01-04-02-01-02-04.wav,04,1,0,0.782,0.8237,0.6566,0.7974,83.4593,81.2088
03-01-04-02-02-01-04.wav,04,1,0,0.8049,0.8317,0.6081,0.7999,84.1482,81.4166
03-01-04-02-02-02-04.wav,04,1,0,0.6767,0.7869,0.6265,0.7939,80.3019,80.9015
03-01-05-01-01-01-04.wav,04,0,1,0.5258,0.734,0.4652,0.4166,75.7734,48.5678
03-01-05-01-01-02-04.wav,04,0,1,0.621,0.7673,0.5319,0.5023,78.6295,55.9112
03-01-05-01-02-01-04.wav,04,0,1,0.5994,0.7598,0.4809,0.4671,77.9808,52.8969
03-01-05-01-02-02-04.wav,04,0,1,0.4538,0.7088,0.4772,0.4832,73.6141,54.2716
03-01-05-02-01-01-04.wav,04,1,1,0.9518,0.8831,0.5828,0.7108,88.5533,73.7829
03-01-05-02-01-02-04.wav,04,1,1,0.8877,0.8607,0.5635,0.644,86.6304,68.0551
03-01-05-02-02-01-04.wav,04,1,1,0.9526,0.8834,0.6522,0.7617,88.5791,78.1492
03-01-05-02-02-02-04.wav,04,1,1,0.8878,0.8607,0.6324,0.8085,86.6353,82.1581
03-01-06-01-01-01-04.wav,04,0,1,0.463,0.712,0.4671,0.4446,73.8896,50.9628
03-01-06-01-01-02-04.wav,04,0,0,0.6405,0.7742,0.4918,0.5576,79.2155,60.6474
03-01-06-01-02-01-04.wav,04,0,0,0.6464,0.7762,0.4642,0.4629,79.391,52.5341
03-01-06-01-02-02-04.wav,04,0,0,0.5687,0.749,0.4569,0.4287,77.0599,49.6039
03-01-06-02-01-01-04.wav,04,1,1,0.839,0.8436,0.5831,0.7712,85.1687,78.9609
03-01-06-02-01-02-04.wav,04,1,1,0.7731,0.8206,0.5896,0.72,83.1922,74.5717
03-01-06-02-02-01-04.wav,04,1,0,0.837,0.843,0.5841,0.6312,85.1111,66.9575
03-01-06-02-02-02-04.wav,04,1,1,0.858,0.8503,0.684,0.8406,85.7413,84.9118
03-01-07-01-01-01-04.wav,04,0,1,0.3905,0.6867,0.4184,0.2882,71.7162,37.5625
03-01-07-01-01-02-04.wav,04,0,1,0.4932,0.7226,0.5207,0.6256,74.796,66.4794
03-01-07-01-02-01-04.wav,04,0,1,0.5278,0.7347,0.4288,0.4871,75.8339,54.6063
03-01-07-01-02-02-04.wav,04,0,0,0.6379,0.7733,0.5482,0.6043,79.138,64.6536
03-01-07-02-01-01-04.wav,04,1,1,0.5793,0.7527,0.4772,0.4216,77.3782,48.9934
03-01-07-02-01-02-04.wav,04,1,1,0.5077,0.7277,0.4101,0.4499,75.2302,51.4229
03-01-07-02-02-01-04.wav,04,1,1,0.4647,0.7127,0.4144,0.4783,73.9423,53.8534
03-01-07-02-02-02-04.wav,04,1,1,0.7049,0.7967,0.5112,0.5459,81.1469,59.6527
03-01-08-01-01-01-04.wav,04,0,1,0.4685,0.714,0.5684,0.6911,74.0559,72.0903
03-01-08-01-01-02-04.wav,04,0,1,0.5756,0.7515,0.5578,0.5884,77.2684,63.2888
03-01-08-01-02-01-04.wav,04,0,0,0.6954,0.7934,0.5605,0.6162,80.8617,65.6745
03-01-08-01-02-02-04.wav,04,0,1,0.5879,0.7558,0.5951,0.6641,77.6365,69.7807
03-01-08-02-01-01-04.wav,04,1,1,0.8629,0.852,0.5979,0.668,85.8883,70.1112
03-01-08-02-01-02-04.wav,04,1,1,0.7058,0.797,0.6207,0.787,81.1738,80.3157
03-01-08-02-02-01-04.wav,04,1,1,0.7463,0.8112,0.6327,0.7298,82.3892,75.4131
03-01-08-02-02-02-04.wav,04,1,1,0.8096,0.8333,0.5832,0.6662,84.2865,69.9626
03-01-01-01-01-01-05.wav,05,0,1,-0.0437,0.5347,0.4296,0.5742,0,0
03-01-01-01-01-02-05.wav,05,0,1,-0.0868,0.5196,0.3268,0.448,0,0
03-01-01-01-02-01-05.wav,05,0,1,-0.0107,0.5462,0.2876,0.402,0,0
03-01-01-01-02-02-05.wav,05,0,0,-0.1056,0.513,0.2738,0.3757,0,0
03-01-02-01-01-01-05.wav,05,0,1,-0.2577,0.4598,0.2734,0.3733,52.27,44.85
03-01-02-01-01-02-05.wav,05,0,1,-0.3647,0.4224,0.2601,0.3394,49.0604,41.9452
03-01-02-01-02-01-05.wav,05,0,1,-0.3235,0.4368,0.2743,0.3727,50.2939,44.8011
03-01-02-01-02-02-05.wav,05,0,1,-0.1906,0.4833,0.2919,0.4242,54.2823,49.2207
03-01-02-02-01-01-05.wav,05,1,1,-0.2414,0.4655,0.412,0.5413,52.7585,59.2584
03-01-02-02-01-02-05.wav,05,1,0,-0.4993,0.3753,0.4123,0.4767,45.0225,53.7154
03-01-02-02-02-01-05.wav,05,1,1,-0.4515,0.392,0.2536,0.3082,46.4556,39.273
03-01-02-02-02-02-05.wav,05,1,1,-0.5992,0.3403,0.2593,0.3388,42.0252,41.8946
03-01-03-01-01-01-05.wav,05,0,0,0.1874,0.6156,0.449,0.6423,65.6215,67.9154
03-01-03-01-01-02-05.wav,05,0,1,0.1447,0.6006,0.3203,0.477,64.3408,53.7412
03-01-03-01-02-01-05.wav,05,0,0,0.065,0.5728,0.284,0.3971,61.9503,46.8959
03-01-03-01-02-02-05.wav,05,0,1,0.2291,0.6302,0.5003,0.733,66.8735,75.6888
03-01-03-02-01-01-05.wav,05,1,0,0.2923,0.6523,0.4529,0.7371,68.7678,76.0377
03-01-03-02-01-02-05.wav,05,1,0,0.7476,0.8117,0.585,0.8677,82.4282,87.2284
03-01-03-02-02-01-05.wav,05,1,1,0.524,0.7334,0.4535,0.7788,75.7205,79.6128
03-01-03-02-02-02-05.wav,05,1,1,0.5795,0.7528,0.5484,0.8213,77.385,83.2505
03-01-04-01-01-01-05.wav,05,0,1,-0.4688,0.3859,0.2847,0.362,45.9375,43.8822
03-01-04-01-01-02-05.wav,05,0,1,-0.3399,0.431,0.2542,0.3155,49.8038,39.8976
03-01-04-01-02-01-05.wav,05,0,0,-0.0878,0.5193,0.2776,0.3445,57.3657,42.3883
03-01-04-01-02-02-05.wav,05,0,1,-0.3379,0.4317,0.3249,0.4244,49.8619,49.2331
03-01-04-02-01-01-05.wav,05,1,1,-0.0925,0.5176,0.4446,0.6188,57.2263,65.8971
03-01-04-02-01-02-05.wav,05,1,1,-0.2153,0.4746,0.3193,0.4615,53.5396,52.4116
03-01-04-02-02-01-05.wav,05,1,1,-0.2341,0.4681,0.4198,0.6072,52.9761,64.8987
03-01-04-02-02-02-05.wav,05,1,0,-0.0784,0.5225,0.2958,0.4057,57.6468,47.6343
03-01-05-01-01-01-05.wav,05,0,1,0.6653,0.7828,0.5298,0.8235,79.9577,83.4424
03-01-05-01-01-02-05.wav,05,0,1,0.6375,0.7731,0.4991,0.7263,79.1239,75.1094
03-01-05-01-02-01-05.wav,05,0,0,-0.085,0.5203,0.4839,0.6954,57.4514,72.46
03-01-05-01-02-02-05.wav,05,0,1,0.2702,0.6446,0.3422,0.5323,68.1073,58.4869
03-01-05-02-01-01-05.wav,05,1,1,1.0,0.9,0.541,0.794,90.0,80.9174
03-01-05-02-01-02-05.wav,05,1,1,1.0,0.9,0.5355,0.8028,90.0,81.6674
03-01-05-02-02-01-05.wav,05,1,1,1.0,0.9,0.6259,0.849,90.0,85.6297
03-01-05-02-02-02-05.wav,05,1,1,1.0,0.9,0.5856,0.8652,90.0,87.0177
03-01-06-01-01-01-05.wav,05,0,0,0.2628,0.642,0.3675,0.5854,67.8829,63.0368
03-01-06-01-01-02-05.wav,05,0,1,0.3231,0.6631,0.3357,0.5123,69.6928,56.7698
03-01-06-01-02-01-05.wav,05,0,0,0.1212,0.5924,0.285,0.3892,63.6356,46.218
03-01-06-01-02-02-05.wav,05,0,1,0.4571,0.71,0.3272,0.4926,73.7115,55.0824
03-01-06-02-01-01-05.wav,05,1,1,0.9455,0.8809,0.6059,0.8638,88.3645,86.8999
03-01-06-02-01-02-05.wav,05,1,1,0.8628,0.852,0.5352,0.8243,85.8837,83.5079
03-01-06-02-02-01-05.wav,05,1,1,0.87,0.8545,0.485,0.7399,86.099,76.2756
03-01-06-02-02-02-05.wav,05,1,1,0.7261,0.8041,0.5384,0.8004,81.7834,81.4633
03-01-07-01-01-01-05.wav,05,0,1,-0.0114,0.546,0.38,0.4547,59.6568,51.829
03-01-07-01-01-02-05.wav,05,0,1,0.0969,0.5839,0.4191,0.4997,62.9063,55.6919
03-01-07-01-02-01-05.wav,05,0,1,0.0277,0.5597,0.3084,0.4256,60.8301,49.3398
03-01-07-01-02-02-05.wav,05,0,1,0.1611,0.6064,0.2851,0.3885,64.8331,46.1575
03-01-07-02-01-01-05.wav,05,1,1,0.2651,0.6428,0.3399,0.5104,67.9531,56.6086
03-01-07-02-01-02-05.wav,05,1,1,0.3478,0.6717,0.3504,0.5399,70.4327,59.1339
03-01-07-02-02-01-05.wav,05,1,1,0.1983,0.6194,0.3721,0.5972,65.9487,64.048
03-01-07-02-02-02-05.wav,05,1,1,0.3,0.655,0.4918,0.7108,69.0005,73.7851
03-01-08-01-01-01-05.wav,05,0,1,0.4526,0.7084,0.417,0.6808,73.5774,71.2115
03-01-08-01-01-02-05.wav,05,0,1,0.4939,0.7229,0.4358,0.7125,74.8158,73.9251
03-01-08-01-02-01-05.wav,05,0,1,0.4542,0.709,0.5063,0.7352,73.6253,75.8749
03-01-08-01-02-02-05.wav,05,0,1,0.3085,0.658,0.4362,0.7112,69.2545,73.8212
03-01-08-02-01-01-05.wav,05,1,0,0.5643,0.7475,0.4901,0.7926,76.9302,80.7979
03-01-08-02-01-02-05.wav,05,1,1,0.6317,0.7711,0.5985,0.8483,78.9513,85.5659
03-01-08-02-02-01-05.wav,05,1,1,0.5629,0.747,0.4625,0.7372,76.8863,76.046
03-01-08-02-02-02-05.wav,05,1,1,0.4513,0.708,0.4853,0.7791,73.539,79.6352
03-01-01-01-01-01-06.wav,06,0,1,0.2075,0.6226,0.4177,0.3592,0,0
03-01-01-01-01-02-06.wav,06,0,0,0.1453,0.6008,0.4504,0.4297,0,0
03-01-01-01-02-01-06.wav,06,0,1,0.0971,0.584,0.4277,0.3726,0,0
03-01-01-01-02-02-06.wav,06,0,0,0.0901,0.5815,0.4119,0.3588,0,0
03-01-02-01-01-01-06.wav,06,0,1,-0.2474,0.4634,0.3529,0.2616,52.5771,35.2836
03-01-02-01-01-02-06.wav,06,0,1,-0.268,0.4562,0.4051,0.3582,51.96,43.5573
03-01-02-01-02-01-06.wav,06,0,1,-0.3002,0.4449,0.4016,0.3661,50.994,44.2389
03-01-02-01-02-02-06.wav,06,0,1,-0.2623,0.4582,0.4123,0.3812,52.1318,45.5357
03-01-02-02-01-01-06.wav,06,1,1,-0.2888,0.4489,0.4289,0.387,51.3369,46.0282
03-01-02-02-01-02-06.wav,06,1,1,-0.3442,0.4295,0.3996,0.351,49.6753,42.9438
03-01-02-02-02-01-06.wav,06,1,1,-0.3399,0.431,0.4149,0.3838,49.8028,45.755
03-01-02-02-02-02-06.wav,06,1,1,-0.3538,0.4262,0.3985,0.3476,49.3872,42.652
03-01-03-01-01-01-06.wav,06,0,1,0.2673,0.6436,0.5005,0.5428,68.0195,59.3834
03-01-03-01-01-02-06.wav,06,0,1,0.3716,0.6801,0.5119,0.5808,71.1489,62.6431
03-01-03-01-02-01-06.wav,06,0,1,0.2345,0.6321,0.4677,0.4848,67.0364,54.413
03-01-03-01-02-02-06.wav,06,0,1,0.2354,0.6324,0.4995,0.5347,67.0627,58.6905
03-01-03-02-01-01-06.wav,06,1,1,0.9557,0.8845,0.7024,0.8338,88.6699,84.3276
03-01-03-02-01-02-06.wav,06,1,1,0.8772,0.857,0.6895,0.8392,86.3148,84.7856
03-01-03-02-02-01-06.wav,06,1,1,0.9879,0.8958,0.6907,0.836,89.6369,84.5176
03-01-03-02-02-02-06.wav,06,1,0,0.9176,0.8712,0.6999,0.8332,87.5275,84.2736
03-01-04-01-01-01-06.wav,06,0,1,-0.1516,0.4969,0.4264,0.3734,55.4519,44.8612
03-01-04-01-01-02-06.wav,06,0,0,-0.115,0.5097,0.4472,0.4337,56.5497,50.0325
03-01-04-01-02-01-06.wav,06,0,1,-0.0542,0.531,0.4465,0.419,58.3732,48.7724
03-01-04-01-02-02-06.wav,06,0,1,-0.0883,0.5191,0.4058,0.3473,57.3499,42.6252
03-01-04-02-01-01-06.wav,06,1,1,0.8096,0.8334,0.7384,0.8557,84.2887,86.2043
03-01-04-02-01-02-06.wav,06,1,1,0.3894,0.6863,0.629,0.62,71.6821,66.0
03-01-04-02-02-01-06.wav,06,1,1,0.7949,0.8282,0.6681,0.7535,83.848,77.4424
03-01-04-02-02-02-06.wav,06,1,1,0.4646,0.7126,0.5831,0.723,73.9388,74.8282
03-01-05-01-01-01-06.wav,06,0,1,0.4804,0.7181,0.4936,0.5092,74.4123,56.5055
03-01-05-01-01-02-06.wav,06,0,1,0.5416,0.7396,0.5239,0.5802,76.2486,62.5871
03-01-05-01-02-01-06.wav,06,0,1,0.353,0.6735,0.5173,0.5849,70.5895,62.9899
03-01-05-01-02-02-06.wav,06,0,1,0.3972,0.689,0.494,0.5421,71.9174,59.3233
03-01-05-02-01-01-06.wav,06,1,1,0.9876,0.8957,0.7417,0.8275,89.6282,83.7887
03-01-05-02-01-02-06.wav,06,1,1,1.0,0.9,0.7426,0.8207,90.0,83.2014
03-01-05-02-02-01-06.wav,06,1,1,1.0,0.9,0.7164,0.8667,90.0,87.1479
03-01-05-02-02-02-06.wav,06,1,1,1.0,0.9,0.6964,0.8163,90.0,82.8291
03-01-06-01-01-01-06.wav,06,0,1,0.1955,0.6184,0.4667,0.4936,65.8636,55.1679
03-01-06-01-01-02-06.wav,06,0,0,0.4143,0.695,0.4844,0.5155,72.4293,57.0436
03-01-06-01-02-01-06.wav,06,0,1,0.2646,0.6426,0.5272,0.61,67.9378,65.1457
03-01-06-01-02-02-06.wav,06,0,1,0.494,0.7229,0.4866,0.5257,74.8197,57.9176
03-01-06-02-01-01-06.wav,06,1,1,0.9959,0.9043,0.5976,0.7026,89.8759,73.08
03-01-06-02-01-02-06.wav,06,1,1,1.0,0.9029,0.6697,0.8254,90.0,83.6082
03-01-06-02-02-01-06.wav,06,1,1,1.0,0.9,0.7041,0.8211,90.0,83.2347
03-01-06-02-02-02-06.wav,06,1,0,1.0,0.9221,0.691,0.7963,90.0,81.1097
03-01-07-01-01-01-06.wav,06,0,0,0.0847,0.5796,0.4292,0.3819,62.5407,45.5921
03-01-07-01-01-02-06.wav,06,0,1,0.0312,0.5609,0.3909,0.3332,60.9363,41.4178
03-01-07-01-02-01-06.wav,06,0,0,-0.0246,0.5414,0.3722,0.3133,59.2626,39.7144
03-01-07-01-02-02-06.wav,06,0,0,-0.1544,0.496,0.3752,0.3037,55.3684,38.8881
03-01-07-02-01-01-06.wav,06,1,1,0.6272,0.7695,0.5925,0.633,78.8146,67.1185
03-01-07-02-01-02-06.wav,06,1,0,0.2709,0.6448,0.465,0.5012,68.1279,55.8209
03-01-07-02-02-01-06.wav,06,1,1,0.5545,0.7441,0.5286,0.5913,76.6359,63.5391
03-01-07-02-02-02-06.wav,06,1,1,0.3235,0.6632,0.4829,0.5299,69.7062,58.2743
03-01-08-01-01-01-06.wav,06,0,0,0.336,0.6676,0.4024,0.373,70.0797,44.8283
03-01-08-01-01-02-06.wav,06,0,1,0.3337,0.6668,0.4297,0.4251,70.0121,49.2942
03-01-08-01-02-01-06.wav,06,0,1,0.3394,0.6688,0.5347,0.5885,70.1828,63.304
03-01-08-01-02-02-06.wav,06,0,1,0.3173,0.6611,0.5416,0.6173,69.5202,65.7688
03-01-08-02-01-01-06.wav,06,1,1,0.3238,0.6633,0.519,0.5722,69.7136,61.9009
03-01-08-02-01-02-06.wav,06,1,1,0.7395,0.8088,0.6768,0.74,82.1858,76.288
03-01-08-02-02-01-06.wav,06,1,1,0.7191,0.8017,0.7014,0.7547,81.5729,77.5461
03-01-08-02-02-02-06.wav,06,1,1,0.6922,0.7923,0.6791,0.7569,80.7669,77.7385
03-01-01-01-01-01-07.wav,07,0,0,-0.0808,0.5217,0.325,0.3836,0,0
03-01-01-01-01-02-07.wav,07,0,0,-0.1407,0.5007,0.3339,0.4076,0,0
03-01-01-01-02-01-07.wav,07,0,0,-0.0872,0.5195,0.3327,0.3882,0,0
03-01-01-01-02-02-07.wav,07,0,0,-0.2722,0.4547,0.3139,0.369,0,0
03-01-02-01-01-01-07.wav,07,0,1,-0.0264,0.5408,0.2436,0.2535,59.2089,34.583
03-01-02-01-01-02-07.wav,07,0,1,-0.2241,0.4716,0.2625,0.2591,53.2783,35.0621
03-01-02-01-02-01-07.wav,07,0,0,-0.2586,0.4595,0.3103,0.3547,52.2426,43.2623
03-01-02-01-02-02-07.wav,07,0,1,-0.2013,0.4795,0.3077,0.3567,53.9597,43.4352
03-01-02-02-01-01-07.wav,07,1,1,-0.3559,0.4254,0.3437,0.4244,49.3233,49.2362
03-01-02-02-01-02-07.wav,07,1,0,-0.2117,0.4759,0.3003,0.3375,53.6494,41.7823
03-01-02-02-02-01-07.wav,07,1,1,-0.2854,0.4501,0.3651,0.4672,51.4376,52.9059
03-01-02-02-02-02-07.wav,07,1,1,-0.4805,0.3818,0.3162,0.392,45.5843,46.4572
03-01-03-01-01-01-07.wav,07,0,0,-0.0298,0.5396,0.3027,0.3406,59.1059,42.0485
03-01-03-01-01-02-07.wav,07,0,0,0.188,0.6158,0.3522,0.4396,65.6397,50.534
03-01-03-01-02-01-07.wav,07,0,1,0.2436,0.6353,0.3984,0.5397,67.3076,59.1156
03-01-03-01-02-02-07.wav,07,0,1,0.2436,0.6353,0.3984,0.5397,67.3076,59.1156
03-01-03-02-01-01-07.wav,07,1,0,0.558,0.7453,0.5578,0.8384,76.7409,84.7238
03-01-03-02-01-02-07.wav,07,1,1,0.6309,0.7708,0.506,0.7628,78.9275,78.242
03-01-03-02-02-01-07.wav,07,1,1,0.4431,0.7051,0.4835,0.7374,73.294,76.0638
03-01-03-02-02-02-07.wav,07,1,1,0.5869,0.7554,0.5327,0.801,77.6081,81.515
03-01-04-01-01-01-07.wav,07,0,1,-0.0117,0.5459,0.3102,0.3347,59.6502,41.546
03-01-04-01-01-02-07.wav,07,0,1,-0.2187,0.4735,0.2861,0.2997,53.4396,38.547
03-01-04-01-02-01-07.wav,07,0,1,-0.1595,0.4942,0.4197,0.4758,55.2153,53.6358
03-01-04-01-02-02-07.wav,07,0,0,-0.0403,0.5359,0.4098,0.538,58.792,58.9734
03-01-04-02-01-01-07.wav,07,1,1,0.1336,0.5968,0.5233,0.6957,64.0089,72.4898
03-01-04-02-01-02-07.wav,07,1,1,0.1541,0.6039,0.5074,0.711,64.6224,73.7968
03-01-04-02-02-01-07.wav,07,1,1,0.1791,0.6127,0.5219,0.7376,65.3725,76.0812
03-01-04-02-02-02-07.wav,07,1,1,0.2896,0.6514,0.445,0.6196,68.6875,65.9671
03-01-05-01-01-01-07.wav,07,0,1,0.5233,0.7332,0.5342,0.707,75.6998,73.456
03-01-05-01-01-02-07.wav,07,0,1,0.8048,0.8317,0.6319,0.8514,84.1433,85.836
03-01-05-01-02-01-07.wav,07,0,1,0.2282,0.6299,0.2404,0.2432,66.8457,33.6988
03-01-05-01-02-02-07.wav,07,0,1,0.4507,0.7077,0.474,0.576,73.5208,62.2254
03-01-05-02-01-01-07.wav,07,1,1,0.9883,0.8959,0.5846,0.795,89.6486,81.0
03-01-05-02-01-02-07.wav,07,1,1,0.952,0.8832,0.6186,0.7977,88.5592,81.2311
03-01-05-02-02-01-07.wav,07,1,1,1.0,0.9,0.6499,0.8028,90.0,81.6695
03-01-05-02-02-02-07.wav,07,1,1,0.947,0.8814,0.6758,0.8508,88.4099,85.7871
03-01-06-01-01-01-07.wav,07,0,1,0.1706,0.6097,0.3904,0.5528,65.1173,60.2419
03-01-06-01-01-02-07.wav,07,0,1,0.2292,0.6302,0.4289,0.6047,66.8764,64.6919
03-01-06-01-02-01-07.wav,07,0,1,-0.0062,0.5478,0.3513,0.4447,59.8155,50.9708
03-01-06-01-02-02-07.wav,07,0,1,0.1767,0.6119,0.3676,0.4733,65.302,53.4267
03-01-06-02-01-01-07.wav,07,1,1,0.7908,0.8268,0.5593,0.6959,83.7237,72.5021
03-01-06-02-01-02-07.wav,07,1,1,0.6572,0.78,0.6156,0.8166,79.7149,82.8537
03-01-06-02-02-01-07.wav,07,1,1,0.881,0.8583,0.5652,0.6816,86.4299,71.2813
03-01-06-02-02-02-07.wav,07,1,1,0.8349,0.8422,0.6284,0.7759,85.0478,79.3667
03-01-07-01-01-01-07.wav,07,0,1,0.2294,0.6303,0.2633,0.2749,66.883,36.4194
03-01-07-01-01-02-07.wav,07,0,1,0.1489,0.6021,0.3086,0.3205,64.4672,40.3319
03-01-07-01-02-01-07.wav,07,0,0,0.0101,0.5535,0.2718,0.2506,60.3021,34.3376
03-01-07-01-02-02-07.wav,07,0,0,0.2456,0.6359,0.4213,0.4931,67.3668,55.1239
03-01-07-02-01-01-07.wav,07,1,0,0.5593,0.7457,0.4947,0.6233,76.7783,66.2807
03-01-07-02-01-02-07.wav,07,1,0,0.6194,0.7668,0.4747,0.5577,78.5819,60.6595
03-01-07-02-02-01-07.wav,07,1,0,0.3973,0.689,0.4953,0.6076,71.918,64.9394
03-01-07-02-02-02-07.wav,07,1,1,0.3883,0.6859,0.4835,0.5845,71.6493,62.9564
03-01-08-01-01-01-07.wav,07,0,1,0.2869,0.6504,0.441,0.5418,68.606,59.2999
03-01-08-01-01-02-07.wav,07,0,1,0.4401,0.704,0.3472,0.4041,73.203,47.4931
03-01-08-01-02-01-07.wav,07,0,1,0.2164,0.6258,0.3479,0.4021,66.4931,47.3269
03-01-08-01-02-02-07.wav,07,0,1,0.1857,0.615,0.4751,0.5723,65.5709,61.9151
03-01-08-02-01-01-07.wav,07,1,1,0.6258,0.769,0.5105,0.7536,78.7731,77.449
03-01-08-02-01-02-07.wav,07,1,1,0.5457,0.741,0.4451,0.6109,76.3698,65.2179
03-01-08-02-02-01-07.wav,07,1,1,0.7514,0.813,0.6066,0.7897,82.5432,80.5464
03-01-08-02-02-02-07.wav,07,1,1,0.4843,0.7195,0.4726,0.6208,74.5292,66.0713
03-01-01-01-01-01-08.wav,08,0,1,-0.001,0.5496,0.411,0.4519,0,0
03-01-01-01-01-02-08.wav,08,0,1,-0.0403,0.5359,0.4125,0.4642,0,0
03-01-01-01-02-01-08.wav,08,0,1,-0.0325,0.5386,0.4089,0.4523,0,0
03-01-01-01-02-02-08.wav,08,0,1,-0.0389,0.5364,0.4069,0.445,0,0
03-01-02-01-01-01-08.wav,08,0,1,-0.1403,0.5009,0.4011,0.4373,55.7913,50.3382
03-01-02-01-01-02-08.wav,08,0,1,-0.206,0.4779,0.3892,0.4118,53.8201,48.1553
03-01-02-01-02-01-08.wav,08,0,0,-0.1829,0.486,0.4036,0.4349,54.5118,50.1338
03-01-02-01-02-02-08.wav,08,0,1,-0.2276,0.4704,0.3876,0.4116,53.1733,48.141
03-01-02-02-01-01-08.wav,08,1,1,-0.236,0.4674,0.3987,0.4168,52.9214,48.5849
03-01-02-02-01-02-08.wav,08,1,0,-0.2015,0.4795,0.4128,0.4579,53.9544,52.1031
03-01-02-02-02-01-08.wav,08,1,1,-0.3548,0.4258,0.4244,0.4748,49.3573,53.5508
03-01-02-02-02-02-08.wav,08,1,1,-0.469,0.3859,0.415,0.4594,45.9312,52.238
03-01-03-01-01-01-08.wav,08,0,1,0.1563,0.6047,0.449,0.5192,64.6878,57.3586
03-01-03-01-01-02-08.wav,08,0,1,0.0653,0.5728,0.4328,0.5016,61.9576,55.8487
03-01-03-01-02-01-08.wav,08,0,1,0.0021,0.5507,0.4291,0.4834,60.0616,54.2886
03-01-03-01-02-02-08.wav,08,0,1,0.077,0.577,0.4479,0.5188,62.3115,57.3228
03-01-03-02-01-01-08.wav,08,1,1,0.4047,0.6916,0.5271,0.7055,72.1396,73.3296
03-01-03-02-01-02-08.wav,08,1,1,0.3452,0.6708,0.5045,0.657,70.3572,69.1689
03-01-03-02-02-01-08.wav,08,1,1,0.3284,0.665,0.508,0.6882,69.8534,71.8469
03-01-03-02-02-02-08.wav,08,1,1,0.2498,0.6374,0.5322,0.7148,67.4952,74.1279
03-01-04-01-01-01-08.wav,08,0,0,-0.2572,0.46,0.4186,0.4698,52.2829,53.13
03-01-04-01-01-02-08.wav,08,0,0,-0.1424,0.5002,0.373,0.3739,55.7284,44.9039
03-01-04-01-02-01-08.wav,08,0,1,-0.2435,0.4648,0.3795,0.3895,52.6949,46.2427
03-01-04-01-02-02-08.wav,08,0,0,-0.3717,0.4199,0.4055,0.4231,48.8486,49.1203
03-01-04-02-01-01-08.wav,08,1,0,-0.1182,0.5086,0.4827,0.6212,56.4553,66.1071
03-01-04-02-01-02-08.wav,08,1,0,-0.0667,0.5267,0.5129,0.6783,57.9988,70.9939
03-01-04-02-02-01-08.wav,08,1,0,-0.0078,0.5473,0.476,0.6125,59.7654,65.3595
03-01-04-02-02-02-08.wav,08,1,0,-0.1337,0.5032,0.5243,0.6937,55.9895,72.3178
03-01-05-01-01-01-08.wav,08,0,1,0.4003,0.6901,0.4567,0.5602,72.008,60.8708
03-01-05-01-01-02-08.wav,08,0,1,0.3781,0.6823,0.5645,0.6493,71.3418,68.5129
03-01-05-01-02-01-08.wav,08,0,1,0.2675,0.6436,0.4144,0.4587,68.0262,52.174
03-01-05-01-02-02-08.wav,08,0,1,0.2792,0.6477,0.4728,0.5727,68.3749,61.9445
03-01-05-02-01-01-08.wav,08,1,1,0.6817,0.7886,0.6505,0.8385,80.4506,84.7259
03-01-05-02-01-02-08.wav,08,1,1,0.7829,0.824,0.6499,0.8241,83.488,83.4918
03-01-05-02-02-01-08.wav,08,1,1,0.5839,0.7544,0.5439,0.7463,77.518,76.8261
03-01-05-02-02-02-08.wav,08,1,1,0.6697,0.7844,0.5705,0.7613,80.0895,78.1094
03-01-06-01-01-01-08.wav,08,0,1,0.2951,0.6533,0.5368,0.7317,68.8545,75.5761
03-01-06-01-01-02-08.wav,08,0,1,0.247,0.6365,0.5449,0.7342,67.4107,75.789
03-01-06-01-02-01-08.wav,08,0,1,0.3242,0.6635,0.5448,0.7392,69.7264,76.2195
03-01-06-01-02-02-08.wav,08,0,0,0.3714,0.68,0.5363,0.719,71.1412,74.4882
03-01-06-02-01-01-08.wav,08,1,1,0.7007,0.7953,0.5854,0.6769,81.0223,70.8729
03-01-06-02-01-02-08.wav,08,1,1,0.6592,0.7807,0.5908,0.672,79.7753,70.455
03-01-06-02-02-01-08.wav,08,1,1,0.7474,0.8116,0.6247,0.7305,82.4223,75.4743
03-01-06-02-02-02-08.wav,08,1,1,0.6834,0.7892,0.6349,0.7885,80.5012,80.4442
03-01-07-01-01-01-08.wav,08,0,1,0.0081,0.5528,0.4133,0.4418,60.2432,50.7263
03-01-07-01-01-02-08.wav,08,0,1,-0.024,0.5416,0.3839,0.3878,59.2805,46.098
03-01-07-01-02-01-08.wav,08,0,1,-0.0999,0.515,0.416,0.4551,57.0042,51.8667
03-01-07-01-02-02-08.wav,08,0,1,0.0733,0.5757,0.3902,0.4073,62.2001,47.7727
03-01-07-02-01-01-08.wav,08,1,1,0.171,0.6099,0.5236,0.5844,65.1301,62.9508
03-01-07-02-01-02-08.wav,08,1,1,0.1528,0.6035,0.435,0.4962,64.583,55.3928
03-01-07-02-02-01-08.wav,08,1,1,-0.009,0.5469,0.3888,0.4108,59.7307,48.0707
03-01-07-02-02-02-08.wav,08,1,0,0.1513,0.6029,0.5355,0.5791,64.538,62.4955
03-01-08-01-01-01-08.wav,08,0,0,0.2878,0.6507,0.4917,0.6006,68.6342,64.338
03-01-08-01-01-02-08.wav,08,0,1,0.3857,0.685,0.5692,0.6866,71.5723,71.7062
03-01-08-01-02-01-08.wav,08,0,1,0.2383,0.6334,0.5671,0.7156,67.148,74.1935
03-01-08-01-02-02-08.wav,08,0,1,0.3637,0.6773,0.5511,0.6676,70.9115,70.0822
03-01-08-02-01-01-08.wav,08,1,0,0.5527,0.7434,0.6324,0.7681,76.5807,78.6949
03-01-08-02-01-02-08.wav,08,1,0,0.4041,0.6914,0.5758,0.7272,72.122,75.1878
03-01-08-02-02-01-08.wav,08,1,1,0.5303,0.7356,0.6184,0.7551,75.9089,77.5758
03-01-08-02-02-02-08.wav,08,1,0,0.4825,0.7189,0.5707,0.7491,74.474,77.0616
